{
  "vanilla": {
    "test_accuracy": 0.7789,
    "ssim": 0.7064744807496856,
    "psnr": 16.177425855322728,
    "dcor": 0.7327718138694763
  },
  "nopeeknn": {
    "test_accuracy": 0.7626,
    "ssim": 0.6950640474693685,
    "psnr": 16.090883327435844,
    "dcor": 0.3617667555809021
  }
}